,T[K],n,lambda_Na[uS/cm.molal],CMC[molal],cmc_pendiente1[uS/(cm.molal)],cmc_ordenada1[molal],cmc_pendiente2[uS/(cm.molal)],cmc_ordenada2[molal],alfa,delta_Go[kJ/mol],dalfa_dT[1/K],dH[KJ/mol],dS[KJ/K.mol]
0,10.0,73.83499808152625,1157.24,0.007239742401100031,42526.383631284916,17.524581005586597,18772.698058252427,189.495145631068,0.15977969130572414,-21.339099573297393,0.0007569077789527853,-1397.7978131530958,70.4639638167643
1,15.0,69.26943576117448,3852.865,0.00690052219046351,49540.139664804476,17.572346368715046,22115.666213592238,206.81553398058247,0.16692828762336423,-21.842397497410186,0.0007569077789527853,-2349.9045098694023,67.68226731784995
2,20.0,65.3592685351854,9102.24,0.006619143208444517,56397.461631284925,17.709581005586557,25111.45844660194,224.79611650485447,0.17506094724500842,-22.308100640598116,0.0007569077789527853,-3309.606015899756,64.84127858258826
3,26.5,61.062068662541265,21144.164375,0.0059354949103042854,77725.65977653634,2.08156424581,29428.759029126206,288.7475728155341,0.17148992026975368,-23.343993755567016,0.0020653522718175926,-9619.544154124787,45.82453957075869
4,35.5,56.23454523951139,50800.863124999996,0.005954599033900499,94697.54775418997,0.20972067039096487,36937.83825242719,344.1456310679612,0.20323531726600572,-23.613210838744187,0.0020653522718175926,-11633.501941604864,38.83211960174821
5,45.25,52.07722740077843,105182.49054687501,0.006189448405968275,114766.37916201117,-1.8941340782122893,44987.28000000001,429.9999999999999,0.3075324718443681,-22.77226105306867,0.0020653522718175926,-13563.387771659778,28.935972604584116
6,52.0,49.68127462339888,159612.31999999998,0.00637356055312353,130893.10430167602,-7.520111731843713,50939.66718446601,502.0679611650487,,,,,
7,60.0,47.23174636033359,245182.24,0.006524167528185073,150478.77837988833,-14.208659217877312,58644.73281553398,584.9320388349518,,,,,
